studentID,studentName,fatherName,motherName,ContactNo,class_classId
1,Aarav Sharma,Rajesh Sharma,Sunita Sharma,9876543210,101
2,Diya Verma,Amit Verma,Pooja Verma,9876543211,102
3,Vivaan Gupta,Sanjay Gupta,Neha Gupta,9876543212,103
4,Ananya Singh,Rakesh Singh,Kavita Singh,9876543213,104
5,Aditya Kumar,Manoj Kumar,Rekha Kumar,9876543214,105
6,Isha Patel,Harsh Patel,Priya Patel,9876543215,106
7,Krishna Joshi,Deepak Joshi,Meena Joshi,9876543216,107
8,Meera Nair,Suresh Nair,Lakshmi Nair,9876543217,108
9,Rohan Mehta,Anil Mehta,Shalini Mehta,9876543218,109
10,Sneha Rao,Mahesh Rao,Anita Rao,9876543219,110